{
  "train_loss": [
    2.3932633725079624,
    1.9952007354783619,
    1.469987006226847,
    1.1255085643165368,
    0.9046391293037036,
    0.7862705233668493,
    0.7104889293593809,
    0.5906632918217951,
    0.48105628954723845,
    0.4038863512110119
  ],
  "val_loss": [
    2.124336900249604,
    1.6859407771018244,
    1.2153923703778176,
    1.037001484824765,
    0.8716408100820356,
    0.8392867330581911,
    0.8653481468077628,
    0.8640182527803606,
    0.9227524654519174,
    1.0870501028914605
  ],
  "val_accuracy": [
    0.7355371900826446,
    0.7355371900826446,
    0.7355371900826446,
    0.743801652892562,
    0.7355371900826446,
    0.743801652892562,
    0.7603305785123967,
    0.7520661157024794,
    0.7024793388429752,
    0.7355371900826446
  ],
  "val_f1": [
    0.0,
    0.0,
    0.0,
    0.11428571428571428,
    0.058823529411764705,
    0.24390243902439024,
    0.43137254901960786,
    0.2857142857142857,
    0.21739130434782608,
    0.30434782608695654
  ],
  "val_cat_accuracy": [
    0.5950413223140496,
    0.9008264462809917,
    0.9338842975206612,
    0.9338842975206612,
    0.9421487603305785,
    0.9504132231404959,
    0.9421487603305785,
    0.9504132231404959,
    0.9504132231404959,
    0.9421487603305785
  ]
}