{
  "train_loss": [
    0.5735785388946533,
    0.27340272307395935,
    0.13538189023733138,
    0.06990871772170067,
    0.03575335018336773
  ],
  "val_loss": [
    0.3956901218209948,
    0.1771685012749263,
    0.08675036898681096,
    0.04494431082691465,
    0.02572460046836308
  ],
  "val_accuracy": [
    1.0,
    1.0,
    1.0,
    1.0,
    1.0
  ],
  "val_f1": [
    0.0,
    0.0,
    0.0,
    0.0,
    0.0
  ]
}