{
  "train_loss": [
    0.8840779519081116,
    0.4452889025211334,
    0.24018713772296907,
    0.12335345685482026,
    0.05679535768926144
  ],
  "val_loss": [
    0.6094270433698382,
    0.30430711592946735,
    0.15748658563409532,
    0.07173337734171323,
    0.03333232658249991
  ],
  "val_accuracy": [
    1.0,
    1.0,
    1.0,
    1.0,
    1.0
  ],
  "val_f1": [
    0.0,
    0.0,
    0.0,
    0.0,
    0.0
  ]
}